{
  "project_info": {
    "project_number": "976280598403",
    "project_id": "an-fps",
    "storage_bucket": "an-fps.appspot.com"
  },
  "client": [
    {
      "client_info": {
        "mobilesdk_app_id": "1:976280598403:android:8336c68031c954281a28b6",
        "android_client_info": {
          "package_name": "com.mkf.fps"
        }
      },
      "oauth_client": [
        {
          "client_id": "976280598403-35rcikl7g1mogtpl7do6t1vthocu6hvs.apps.googleusercontent.com",
          "client_type": 3
        }
      ],
      "api_key": [
        {
          "current_key": "AIzaSyAa5i9e-PRpiMhU2xhFjBfziTc6MbedxW0"
        }
      ],
      "services": {
        "appinvite_service": {
          "other_platform_oauth_client": [
            {
              "client_id": "976280598403-35rcikl7g1mogtpl7do6t1vthocu6hvs.apps.googleusercontent.com",
              "client_type": 3
            }
          ]
        }
      }
    }
  ],
  "configuration_version": "1"
}